Id,Solar
2,0.25625
3,0.2625
4,0
5,0.3625
6,0.36875
7,0
8,0.253125
9,1.183125
10,0.55
