From,To,Rij,Xij,Bij,a
1,2,0.001233,0.004127,0,1
2,3,0.002467,0.006051,0,1
2,4,0.007469,0.01205,0,1
4,5,0.006984,0.006084,0,1
2,6,0.019837,0.017276,0,1
6,7,0.009057,0.007886,0,1
7,8,0.020552,0.01164,0,1
7,9,0.047953,0.02716,0,1
3,10,0.053434,0.030264,0,1
5,10,0.001426,0.004522,0,1
8,10,0.002018,0.005214,0,1
